{
    "openapi": "3.0.0",
    "info": {
        "title": "Xceler8 API",
        "description": "Vehicle Dealership Management System API",
        "contact": {
            "email": "support@vdms.com"
        },
        "license": {
            "name": "Apache 2.0",
            "url": "https://www.apache.org/licenses/LICENSE-2.0.html"
        },
        "version": "1.0.0"
    },
    "servers": [
        {
            "url": "http://localhost/vdms/public/api/v1",
            "description": "Dev"
        },
        {
            "url": "https://api.vdms.com/v1",
            "description": "Production"
        }
    ],
    "paths": {
        "/api/v1/auth/request-otp": {
            "post": {
                "tags": [
                    "Authentication"
                ],
                "summary": "Request OTP for login",
                "operationId": "126a929e6ddaad5e90ad39c8c36788fe",
                "requestBody": {
                    "required": true,
                    "content": {
                        "application/json": {
                            "schema": {
                                "required": [
                                    "mobile"
                                ],
                                "properties": {
                                    "mobile": {
                                        "description": "10-digit mobile number",
                                        "type": "string",
                                        "example": "9876543210"
                                    }
                                },
                                "type": "object"
                            }
                        }
                    }
                },
                "responses": {
                    "200": {
                        "description": "OTP sent successfully",
                        "content": {
                            "application/json": {
                                "schema": {
                                    "properties": {
                                        "http_status": {
                                            "type": "integer",
                                            "example": 200
                                        },
                                        "success": {
                                            "type": "boolean",
                                            "example": true
                                        },
                                        "code": {
                                            "type": "string",
                                            "example": "S001"
                                        },
                                        "message": {
                                            "type": "string",
                                            "example": "OTP sent to your registered mobile and email"
                                        },
                                        "data": {
                                            "type": "object"
                                        }
                                    },
                                    "type": "object"
                                }
                            }
                        }
                    },
                    "404": {
                        "description": "Mobile not registered",
                        "content": {
                            "application/json": {
                                "schema": {
                                    "properties": {
                                        "http_status": {
                                            "type": "integer",
                                            "example": 404
                                        },
                                        "success": {
                                            "type": "boolean",
                                            "example": false
                                        },
                                        "code": {
                                            "type": "string",
                                            "example": "E002"
                                        },
                                        "message": {
                                            "type": "string",
                                            "example": "Mobile not registered"
                                        }
                                    },
                                    "type": "object"
                                }
                            }
                        }
                    },
                    "403": {
                        "description": "Account locked",
                        "content": {
                            "application/json": {
                                "schema": {
                                    "properties": {
                                        "http_status": {
                                            "type": "integer",
                                            "example": 403
                                        },
                                        "success": {
                                            "type": "boolean",
                                            "example": false
                                        },
                                        "code": {
                                            "type": "string",
                                            "example": "E004"
                                        },
                                        "message": {
                                            "type": "string",
                                            "example": "Account locked. Contact admin"
                                        }
                                    },
                                    "type": "object"
                                }
                            }
                        }
                    },
                    "429": {
                        "description": "Rate limit exceeded",
                        "content": {
                            "application/json": {
                                "schema": {
                                    "properties": {
                                        "http_status": {
                                            "type": "integer",
                                            "example": 429
                                        },
                                        "success": {
                                            "type": "boolean",
                                            "example": false
                                        },
                                        "code": {
                                            "type": "string",
                                            "example": "E005"
                                        },
                                        "message": {
                                            "type": "string",
                                            "example": "Too many OTP requests. Try again later"
                                        }
                                    },
                                    "type": "object"
                                }
                            }
                        }
                    }
                }
            }
        },
        "/api/v1/auth/verify-otp": {
            "post": {
                "tags": [
                    "Authentication"
                ],
                "summary": "Verify OTP and bind device for login",
                "operationId": "130b1763a31d0416a0aa3a799ee12827",
                "requestBody": {
                    "required": true,
                    "content": {
                        "application/json": {
                            "schema": {
                                "required": [
                                    "mobile",
                                    "otp",
                                    "device_id",
                                    "device_name",
                                    "platform"
                                ],
                                "properties": {
                                    "mobile": {
                                        "description": "10-digit mobile number",
                                        "type": "string",
                                        "example": "9876543210"
                                    },
                                    "otp": {
                                        "description": "6-digit OTP",
                                        "type": "string",
                                        "example": "123456"
                                    },
                                    "device_id": {
                                        "description": "Unique device identifier",
                                        "type": "string",
                                        "example": "unique-device-uuid"
                                    },
                                    "device_name": {
                                        "description": "Device name",
                                        "type": "string",
                                        "example": "iPhone 14"
                                    },
                                    "platform": {
                                        "description": "Device platform (iOS/Android/Web)",
                                        "type": "string",
                                        "example": "iOS"
                                    }
                                },
                                "type": "object"
                            }
                        }
                    }
                },
                "responses": {
                    "200": {
                        "description": "Login successful",
                        "content": {
                            "application/json": {
                                "schema": {
                                    "properties": {
                                        "http_status": {
                                            "type": "integer",
                                            "example": 200
                                        },
                                        "success": {
                                            "type": "boolean",
                                            "example": true
                                        },
                                        "code": {
                                            "type": "string",
                                            "example": "S001"
                                        },
                                        "message": {
                                            "type": "string",
                                            "example": "Login successful"
                                        },
                                        "data": {
                                            "properties": {
                                                "token": {
                                                    "description": "API token",
                                                    "type": "string"
                                                },
                                                "user": {
                                                    "description": "User details",
                                                    "type": "object"
                                                }
                                            },
                                            "type": "object"
                                        }
                                    },
                                    "type": "object"
                                }
                            }
                        }
                    },
                    "401": {
                        "description": "Invalid OTP or expired",
                        "content": {
                            "application/json": {
                                "schema": {
                                    "properties": {
                                        "http_status": {
                                            "type": "integer",
                                            "example": 401
                                        },
                                        "success": {
                                            "type": "boolean",
                                            "example": false
                                        },
                                        "code": {
                                            "type": "string",
                                            "example": "E002"
                                        },
                                        "message": {
                                            "type": "string",
                                            "example": "Invalid OTP"
                                        }
                                    },
                                    "type": "object"
                                }
                            }
                        }
                    },
                    "403": {
                        "description": "Account locked",
                        "content": {
                            "application/json": {
                                "schema": {
                                    "properties": {
                                        "http_status": {
                                            "type": "integer",
                                            "example": 403
                                        },
                                        "success": {
                                            "type": "boolean",
                                            "example": false
                                        },
                                        "code": {
                                            "type": "string",
                                            "example": "E004"
                                        },
                                        "message": {
                                            "type": "string",
                                            "example": "Account locked due to failed attempts"
                                        }
                                    },
                                    "type": "object"
                                }
                            }
                        }
                    }
                }
            }
        },
        "/api/v1/auth/me": {
            "get": {
                "tags": [
                    "Authentication"
                ],
                "summary": "Get current user details",
                "operationId": "37d33f0281f67d31d05b4c45eea0143b",
                "responses": {
                    "200": {
                        "description": "User details retrieved",
                        "content": {
                            "application/json": {
                                "schema": {
                                    "properties": {
                                        "http_status": {
                                            "type": "integer",
                                            "example": 200
                                        },
                                        "success": {
                                            "type": "boolean",
                                            "example": true
                                        },
                                        "code": {
                                            "type": "string",
                                            "example": "S001"
                                        },
                                        "data": {
                                            "description": "User object",
                                            "type": "object"
                                        }
                                    },
                                    "type": "object"
                                }
                            }
                        }
                    },
                    "401": {
                        "description": "Unauthorized"
                    }
                },
                "security": [
                    {
                        "sanctum": []
                    }
                ]
            }
        },
        "/api/v1/auth/logout": {
            "post": {
                "tags": [
                    "Authentication"
                ],
                "summary": "Logout current session",
                "operationId": "f6b8957b4c0b25636613a9f0512a8ba9",
                "responses": {
                    "200": {
                        "description": "Logged out",
                        "content": {
                            "application/json": {
                                "schema": {
                                    "properties": {
                                        "http_status": {
                                            "type": "integer",
                                            "example": 200
                                        },
                                        "success": {
                                            "type": "boolean",
                                            "example": true
                                        },
                                        "code": {
                                            "type": "string",
                                            "example": "S001"
                                        },
                                        "message": {
                                            "type": "string",
                                            "example": "Logged out successfully"
                                        }
                                    },
                                    "type": "object"
                                }
                            }
                        }
                    },
                    "401": {
                        "description": "Unauthorized"
                    }
                },
                "security": [
                    {
                        "sanctum": []
                    }
                ]
            }
        }
    },
    "components": {
        "schemas": {
            "Branch": {
                "title": "Branch",
                "description": "Branch Model\n\nRepresents company branches/offices"
            },
            "Department": {
                "title": "Department",
                "description": "Department Model\n\nRepresents organizational departments (Sales, HR, Finance, etc.)"
            }
        },
        "securitySchemes": {
            "sanctum": {
                "type": "http",
                "description": "Sanctum API Token",
                "bearerFormat": "JWT",
                "scheme": "bearer"
            }
        }
    },
    "tags": [
        {
            "name": "Authentication",
            "description": "Authentication"
        }
    ]
}